{"eval_loss": 3.156158447265625, "eval_accuracy": 0.41999998688697815, "eval_runtime": 2.1817, "eval_samples_per_second": 22.917, "eval_steps_per_second": 3.208}